-- Arash_Data_0
-- Author: HaoJun0823
-- DateCreated: 3/21/2019 4:47:28 PM
--------------------------------------------------------------

INSERT INTO TraitModifiers (TraitType, ModifierId) VALUES 
("TRAIT_AGENDA_LEADER_FATE_ARCHER_ARASH_BIG_HERO", "TRAIT_AGENDA_LEADER_FATE_ARCHER_ARASH_BIG_HERO_BAD");

INSERT INTO Modifiers (ModifierId, ModifierType, RunOnce, Permanent, NewOnly, OwnerRequirementSetId, SubjectRequirementSetId) VALUES 
("TRAIT_AGENDA_LEADER_FATE_ARCHER_ARASH_BIG_HERO_BAD", "MODIFIER_PLAYER_DIPLOMACY_SIMPLE_MODIFIER", 0, 0, 0, NULL, "REQUIREMENT_SET_PLAYER_IS_AT_WAR_ARASH");

INSERT INTO ModifierArguments (ModifierId, Name, Value) VALUES 
("TRAIT_AGENDA_LEADER_FATE_ARCHER_ARASH_BIG_HERO_BAD", "Accumulates", ""), 
("TRAIT_AGENDA_LEADER_FATE_ARCHER_ARASH_BIG_HERO_BAD", "DiplomacyKey", ""), 
("TRAIT_AGENDA_LEADER_FATE_ARCHER_ARASH_BIG_HERO_BAD", "HiddenAgenda", ""), 
("TRAIT_AGENDA_LEADER_FATE_ARCHER_ARASH_BIG_HERO_BAD", "IncrementTurns", ""), 
("TRAIT_AGENDA_LEADER_FATE_ARCHER_ARASH_BIG_HERO_BAD", "IncrementValue", ""), 
("TRAIT_AGENDA_LEADER_FATE_ARCHER_ARASH_BIG_HERO_BAD", "InitialValue", -24), 
("TRAIT_AGENDA_LEADER_FATE_ARCHER_ARASH_BIG_HERO_BAD", "MaxValue", ""), 
("TRAIT_AGENDA_LEADER_FATE_ARCHER_ARASH_BIG_HERO_BAD", "MessageThrottle", 20), 
("TRAIT_AGENDA_LEADER_FATE_ARCHER_ARASH_BIG_HERO_BAD", "OnlyOwnersCity", ""), 
("TRAIT_AGENDA_LEADER_FATE_ARCHER_ARASH_BIG_HERO_BAD", "ReductionTurns", 20), 
("TRAIT_AGENDA_LEADER_FATE_ARCHER_ARASH_BIG_HERO_BAD", "ReductionValue", -12), 
("TRAIT_AGENDA_LEADER_FATE_ARCHER_ARASH_BIG_HERO_BAD", "SimpleModifierDescription", "LOC_LEADER_FATE_ARCHER_ARASH_AGENDA_BAD_TEXT_DESC"), 
("TRAIT_AGENDA_LEADER_FATE_ARCHER_ARASH_BIG_HERO_BAD", "StatementKey", "LOC_LEADER_FATE_ARCHER_ARASH_AGENDA_BAD_TEXT");

-- Single Conditions

INSERT INTO Requirements (RequirementId, RequirementType) VALUES 
("REQUIREMENT_PLAYER_IS_AT_WAR_ARASH", "REQUIREMENT_PLAYER_IS_AT_WAR");

-- Conditions Group

INSERT INTO RequirementSets (RequirementSetId, RequirementSetType) VALUES 
("REQUIREMENT_SET_PLAYER_IS_AT_WAR_ARASH", "REQUIREMENTSET_TEST_ALL");

INSERT INTO RequirementSetRequirements (RequirementSetId, RequirementId) VALUES 
("REQUIREMENT_SET_PLAYER_IS_AT_WAR_ARASH", "REQUIREMENT_PLAYER_IS_AT_WAR_ARASH");



INSERT INTO TraitModifiers (TraitType, ModifierId) VALUES 
("TRAIT_AGENDA_LEADER_FATE_ARCHER_ARASH_BIG_HERO", "TRAIT_AGENDA_LEADER_FATE_ARCHER_ARASH_BIG_HERO_GOOD");

INSERT INTO Modifiers (ModifierId, ModifierType, RunOnce, Permanent, NewOnly, OwnerRequirementSetId, SubjectRequirementSetId) VALUES 
("TRAIT_AGENDA_LEADER_FATE_ARCHER_ARASH_BIG_HERO_GOOD", "MODIFIER_PLAYER_DIPLOMACY_SIMPLE_MODIFIER", 0, 0, 0, NULL, "REQUIREMENT_SET_PLAYER_IS_AT_PEACE_ARASH");

INSERT INTO ModifierArguments (ModifierId, Name, Value) VALUES 
("TRAIT_AGENDA_LEADER_FATE_ARCHER_ARASH_BIG_HERO_GOOD", "Accumulates", ""), 
("TRAIT_AGENDA_LEADER_FATE_ARCHER_ARASH_BIG_HERO_GOOD", "DiplomacyKey", ""), 
("TRAIT_AGENDA_LEADER_FATE_ARCHER_ARASH_BIG_HERO_GOOD", "HiddenAgenda", ""), 
("TRAIT_AGENDA_LEADER_FATE_ARCHER_ARASH_BIG_HERO_GOOD", "IncrementTurns", ""), 
("TRAIT_AGENDA_LEADER_FATE_ARCHER_ARASH_BIG_HERO_GOOD", "IncrementValue", ""), 
("TRAIT_AGENDA_LEADER_FATE_ARCHER_ARASH_BIG_HERO_GOOD", "InitialValue", 24), 
("TRAIT_AGENDA_LEADER_FATE_ARCHER_ARASH_BIG_HERO_GOOD", "MaxValue", ""), 
("TRAIT_AGENDA_LEADER_FATE_ARCHER_ARASH_BIG_HERO_GOOD", "MessageThrottle", 20), 
("TRAIT_AGENDA_LEADER_FATE_ARCHER_ARASH_BIG_HERO_GOOD", "OnlyOwnersCity", ""), 
("TRAIT_AGENDA_LEADER_FATE_ARCHER_ARASH_BIG_HERO_GOOD", "ReductionTurns", 20), 
("TRAIT_AGENDA_LEADER_FATE_ARCHER_ARASH_BIG_HERO_GOOD", "ReductionValue", 12), 
("TRAIT_AGENDA_LEADER_FATE_ARCHER_ARASH_BIG_HERO_GOOD", "SimpleModifierDescription", "LOC_LEADER_FATE_ARCHER_ARASH_AGENDA_GOOD_TEXT_DESC"), 
("TRAIT_AGENDA_LEADER_FATE_ARCHER_ARASH_BIG_HERO_GOOD", "StatementKey", "LOC_LEADER_FATE_ARCHER_ARASH_AGENDA_GOOD_TEXT");

-- Single Conditions

INSERT INTO Requirements (RequirementId, RequirementType) VALUES 
("REQUIREMENT_PLAYER_IS_AT_PEACE_ARASH", "REQUIREMENT_PLAYER_IS_AT_PEACE");

INSERT INTO RequirementArguments (RequirementId, Name, Value) VALUES 
("REQUIREMENT_PLAYER_IS_AT_PEACE_ARASH", "Min Turns", "");

-- Conditions Group

INSERT INTO RequirementSets (RequirementSetId, RequirementSetType) VALUES 
("REQUIREMENT_SET_PLAYER_IS_AT_PEACE_ARASH", "REQUIREMENTSET_TEST_ALL");

INSERT INTO RequirementSetRequirements (RequirementSetId, RequirementId) VALUES 
("REQUIREMENT_SET_PLAYER_IS_AT_PEACE_ARASH", "REQUIREMENT_PLAYER_IS_AT_PEACE_ARASH");


---------------


INSERT INTO TraitModifiers (TraitType, ModifierId) VALUES 
("TRAIT_LEADER_FATE_ARCHER_ARASH_BODY", "TRAIT_LEADER_FATE_ARCHER_ARASH_BODY_RANGE");

INSERT INTO Modifiers (ModifierId, ModifierType, RunOnce, Permanent, NewOnly, OwnerRequirementSetId, SubjectRequirementSetId) VALUES 
("TRAIT_LEADER_FATE_ARCHER_ARASH_BODY_RANGE", "MODIFIER_PLAYER_UNITS_ADJUST_ATTACK_RANGE", 0, 0, 0, NULL, NULL);

INSERT INTO ModifierArguments (ModifierId, Name, Value) VALUES 
("TRAIT_LEADER_FATE_ARCHER_ARASH_BODY_RANGE", "Amount", 2);

INSERT INTO TraitModifiers (TraitType, ModifierId) VALUES 
("TRAIT_LEADER_FATE_ARCHER_ARASH_BODY", "TRAIT_LEADER_FATE_ARCHER_ARASH_BODY_RANGE2");

INSERT INTO Modifiers (ModifierId, ModifierType, RunOnce, Permanent, NewOnly, OwnerRequirementSetId, SubjectRequirementSetId) VALUES 
("TRAIT_LEADER_FATE_ARCHER_ARASH_BODY_RANGE2", "MODIFIER_PLAYER_CITIES_ADJUST_RANGED_STRIKE", 0, 0, 0, NULL, NULL);

INSERT INTO ModifierArguments (ModifierId, Name, Value) VALUES 
("TRAIT_LEADER_FATE_ARCHER_ARASH_BODY_RANGE2", "Amount", 2);

INSERT INTO TraitModifiers (TraitType, ModifierId) VALUES 
("TRAIT_LEADER_FATE_ARCHER_ARASH_BODY", "TRAIT_LEADER_FATE_ARCHER_ARASH_BODY_SIGHT");

INSERT INTO Modifiers (ModifierId, ModifierType, RunOnce, Permanent, NewOnly, OwnerRequirementSetId, SubjectRequirementSetId) VALUES 
("TRAIT_LEADER_FATE_ARCHER_ARASH_BODY_SIGHT", "MODIFIER_PLAYER_UNIT_ADJUST_SIGHT", 0, 0, 0, NULL, NULL);

INSERT INTO ModifierArguments (ModifierId, Name, Value) VALUES 
("TRAIT_LEADER_FATE_ARCHER_ARASH_BODY_SIGHT", "Amount", 4);


